{
  "dense": {
    "accuracy": {
      "none": [51.27, 53.61, 55.59, 60.77, 69.7, 74.37, 80.03, 82.62, 84.99, 87.06, 87.62, 88.15, 89.3, 89.29, 88.79],
      "rayleigh": [51.33, 54.58, 55.31, 58.47, 60.72, 66.63, 70.2, 74.99, 79.21, 81.11, 84.06, 86.22, 87.36, 87.5, 87.55],
      "rician": [51.52, 57.54, 61.93, 67.45, 74.1, 79.22, 81.66, 84.08, 87.14, 87.44, 87.75, 88.79, 88.62, 89.37, 88.97]
    },
    "bleu": {
      "none": [null, null, null, null, null, null, null, null, null, null, null, null, null, null, null],
      "rayleigh": [null, null, null, null, null, null, null, null, null, null, null, null, null, null, null],
      "rician": [null, null, null, null, null, null, null, null, null, null, null, null, null, null, null]
    }
  },
  "moe": {
    "accuracy": {
      "none": [62.03314370516942, 63.22038090526837, 64.4323522137027, 64.80336383873362, 66.2379421221865, 68.83502349740291, 71.87731882265645, 75.88424437299035, 80.95473658174622, 85.03586445708632, 86.29730398219144, 87.16299777393026, 87.336136532278, 87.90502102399208, 87.8802869156567],
      "rayleigh": [56.34429878802869, 59.31239178827603, 61.46425921345535, 62.997773930249814, 65.37224833044769, 66.80682661390057, 68.68661884739056, 72.84194904773683, 76.67573583972298, 78.75340093989611, 81.15260944842937, 83.18080633193173, 84.96166213208014, 85.38214197378184, 86.59411328221618],
      "rician": [62.602028196883495, 63.690328963640866, 65.24857778877072, 66.58421963888202, 69.45337620578779, 72.39673509769973, 76.35419243136285, 81.44941874845412, 82.80979470690082, 85.35740786544646, 86.61884739055157, 86.94039079891171, 86.89092258224092, 87.60821172396736, 87.92975513232749]
    },
    "bleu": {
      "none": [null, null, null, null, null, null, null, null, null, null, null, null, null, null, null],
      "rayleigh": [null, null, null, null, null, null, null, null, null, null, null, null, null, null, null],
      "rician": [null, null, null, null, null, null, null, null, null, null, null, null, null, null, null]
    }
  },
  "hmoe": {
    "accuracy": {
      "none": [64.06134058867178, 67.1283700222607, 70.34380410586198, 73.26242888943854, 78.45659163987139, 82.9087311402424, 86.42097452386841, 87.8060845906505, 88.54810784071235, 88.82018303240167, 88.96858768241404, 89.24066287410339, 88.6717783823893, 88.96858768241404, 89.04279000742024],
      "rayleigh": [64.8528320554044, 67.5488498639624, 67.15310413059609, 70.98689092258225, 75.31535988127628, 76.45312886470442, 80.80633193173387, 82.26564432352214, 85.30793964877567, 86.17363344051448, 87.73188226564432, 87.8802869156567, 87.95448924066287, 88.57284194904773, 88.79544892406629],
      "rician": [67.42517932228543, 70.44274053920357, 73.60870640613406, 78.60499628988376, 82.24091021518674, 84.07123423200593, 86.12416522384369, 87.45980707395499, 88.15236210734602, 88.64704427405393, 88.59757605738314, 88.7212465990601, 88.94385357407866, 88.94385357407866, 88.7212465990601]
    },
    "bleu": {
      "none": [null, null, null, null, null, null, null, null, null, null, null, null, null, null, null],
      "rayleigh": [null, null, null, null, null, null, null, null, null, null, null, null, null, null, null],
      "rician": [null, null, null, null, null, null, null, null, null, null, null, null, null, null, null]
    }
  },
  "conv": {
    "accuracy": {
      "none": [50.2, 51.3, 54.4, 55.2, 58.9, 64.1, 65.4, 66.7, 72.3, 76.5, 79.6, 82.3, 86.7, 87.2, 87.5],
      "rayleigh": [49.9, 51.5, 52.1, 55.2, 57.5, 60.6, 65.0, 67.1, 71.2, 75.3, 78.4, 80.6, 84.7, 85.1, 85.2],
      "rician": [50.6, 51.1, 53.9, 56.0, 56.6, 61.9, 65.3, 69.1, 70.5, 75.1, 77.2, 81.5, 85.7, 87.4, 87.5]
    },
    "bleu": {
      "none": [null, null, null, null, null, null, null, null, null, null, null, null, null, null, null],
      "rayleigh": [null, null, null, null, null, null, null, null, null, null, null, null, null, null, null],
      "rician": [null, null, null, null, null, null, null, null, null, null, null, null, null, null, null]
    }
  }
}
