{"dense": {"accuracy": {"rayleigh": [58.842443729903536, 59.114518921592875, 59.856542171654716, 62.651496413554284, 67.40044521395004, 71.33316843927776, 75.6616373979718, 79.248083106604, 82.04303734850359, 82.68612416522384, 83.67548849863962, 84.88745980707395, 84.98639624041553]}, "bleu": {"rayleigh": [0.002866753139008017, 0.0069551312883255525, 0.012469350110992539, 0.016593781625962818, 0.02121375863691597, 0.024025187487876774, 0.023516459443403054, 0.024137647784238856, 0.022883038211881566, 0.021460630436112037, 0.019960527510392796, 0.018572773306350217, 0.01752536997939189]}}, "hmoe_4E": {"accuracy": {"rayleigh": [60.15335147167945, 65.94113282216176, 69.72545139747712, 74.84541182290378, 77.56616373979718, 80.41058619836755, 81.94410091516201, 82.53771951521148, 83.27974276527331, 83.70022260697502, 84.39277764036606, 84.12070244867672, 84.34330942369527]}, "bleu": {"rayleigh": [0.0334960549446853, 0.031144772441149205, 0.030443260810825646, 0.028185131758457424, 0.027201295214816085, 0.026550610056896035, 0.025435703749505417, 0.025126358270909237, 0.024494706312890347, 0.023831157601229367, 0.022623244895103103, 0.021807739133674314, 0.02142219833323599]}}, "hmoe_8E": {"accuracy": {"rayleigh": [70.41800643086816, 73.26242888943854, 74.37546376453129, 77.71456838980954, 79.54489240662875, 80.33638387336136, 82.61192184021766, 82.4635171902053, 83.3292109819441, 84.34330942369527, 84.59065050704922, 85.06059856542171, 85.67895127380658]}, "bleu": {"rayleigh": [0.008214413283781665, 0.012841002244962037, 0.015646128047388574, 0.01809235595391912, 0.020112693765481637, 0.021405092874086238, 0.022491469149569437, 0.023898355808608215, 0.02390547721390131, 0.024655750492142567, 0.02482522507866914, 0.024943605194512677, 0.024935595091445686]}}, "hmoe_16E": {"accuracy": {"rayleigh": [64.70442740539204, 66.38634677219886, 68.56294830571358, 70.44274053920357, 73.95498392282958, 77.0714815730893, 79.56962651496413, 82.04303734850359, 83.20554044026713, 83.47761563195647, 84.26910709868909, 84.6648528320554, 85.28320554044026]}, "bleu": {"rayleigh": [0.0023892123355846685, 0.003697237585845718, 0.005938455625710549, 0.008320371862290463, 0.010017958775043145, 0.010773624069783622, 0.010536262332248027, 0.009240815552971897, 0.007753960414044188, 0.006907013823494443, 0.006238467704819592, 0.006351293539306263, 0.007124284059660806]}}, "hmoe_32E": {"accuracy": {"rayleigh": [65.59485530546624, 67.47464753895622, 69.03289636408607, 72.09992579767498, 75.2164234479347, 76.89834281474153, 79.61909473163492, 80.38585209003215, 82.0183032401682, 82.8592629235716, 83.87336136532278, 83.3044768736087, 83.7991590403166]}, "bleu": {"rayleigh": [0.008581943036616762, 0.01483134222621185, 0.020436709039728825, 0.025103877987032456, 0.029220696323514202, 0.0310679397570399, 0.031960075256296364, 0.03064516030048562, 0.02905215679090427, 0.02532428630165334, 0.021846626352286215, 0.019307592425764207, 0.016794142094509825]}}}