{"moe_woLB_woCA": {"accuracy": {"rayleigh": [56.171160029680934, 58.842443729903536, 60.72223596339352, 63.12144447192679, 64.92703438041059, 67.9940638139995, 70.88795448924067, 71.90205293099183, 75.58743507296562, 79.7427652733119, 80.88053425674005, 82.78506059856542, 83.97229779866436, 84.73905515706159, 85.92629235716053]}, "bleu": {"rayleigh": []}}, "moe_wLB_woCA": {"accuracy": {"rayleigh": [63.12144447192679, 63.9871382636656, 64.4076181053673, 64.77862973039822, 66.55948553054662, 68.4392777640366, 71.03635913925302, 74.3507296561959, 76.37892653969824, 79.248083106604, 81.0536730150878, 82.53771951521148, 83.27974276527331, 84.59065050704922, 85.01113034875092]}, "bleu": {"rayleigh": []}}, "hmoe_wLB_wCA": {"accuracy": {"rayleigh": [65.24857778877072, 67.17783823893149, 69.7996537224833, 71.85258471432104, 74.91961414790997, 77.5414296314618, 79.7427652733119, 81.9688350234974, 84.49171407370764, 84.6648528320554, 86.12416522384369, 86.61884739055157, 86.89092258224092, 87.55874350729657, 87.50927529062578]}, "bleu": {"rayleigh": []}}, "hmoe_woLB_wCA": {"accuracy": {"rayleigh": [64.08607469700718, 65.7927281721494, 68.0187979223349, 69.99752658916645, 72.39673509769973, 75.41429631461786, 77.98664358149888, 80.58372495671532, 83.10660400692555, 84.26910709868909, 85.40687608211725, 86.29730398219144, 86.81672025723472, 87.3856047489488, 87.36087064061341]}, "bleu": {"rayleigh": []}}, "hmoe_woLB_woCA": {"accuracy": {"rayleigh": [56.24536235468711, 60.277022013356415, 63.789265396982444, 67.1036359139253, 71.2094978976008, 74.91961414790997, 77.17041800643086, 81.20207766510018, 82.36458075686372, 84.54118229037843, 85.48107840712342, 86.12416522384369, 86.9156566905763, 87.4103388572842, 87.65767994063815]}, "bleu": {"rayleigh": []}}}